order_id,customer_id,order_date,status,region_code
ORD0001,CUST0407,2024-10-19 03:26:39,DELIVERED,NORTH
ORD0002,CUST0311,2025-10-23 04:02:16,CANCELLED,NORTH
ORD0003,CUST0283,2025-03-18 12:06:38,RETURNED,WEST
ORD0004,CUST0252,2026-04-07 00:00:00,RETURNED,NORTH
ORD0005,CUST0236,2025-12-23 00:00:00,RETURNED,NORTH
ORD0006,CUST0402,2026-02-14 12:12:50,SHIPPED,SOUTH
ORD0007,CUST0335,2026-06-27 19:16:40,RETURNED,NORTH
ORD0008,CUST0360,2024-11-30 04:50:33,SHIPPED,WEST
ORD0009,CUST0111,2024-12-26 07:33:27,SHIPPED,NORTH
ORD0010,CUST0350,2024-08-26 09:07:41,DELIVERED,NORTH
ORD0011,CUST0028,2024-12-12 07:59:04,SHIPPED,SOUTH
ORD0012,CUST0472,2026-05-09 15:47:32,CANCELLED,WEST
ORD0013,CUST0265,2026-03-31 17:29:18,SHIPPED,WEST
ORD0014,CUST0145,2026-01-07 22:38:13,CANCELLED,SOUTH
ORD0015,CUST0328,2025-07-28 20:36:34,SHIPPED,WEST
ORD0016,CUST0144,2026-01-10 00:35:24,DELIVERED,EAST
ORD0017,CUST0026,2024-10-05 11:31:54,RETURNED,SOUTH
ORD0018,CUST0015,2024-09-05 08:11:02,PLACED,SOUTH
ORD0019,CUST0293,2024-12-26 23:15:41,DELIVERED,NORTH
ORD0020,CUST0471,2026-06-30 00:00:00,SHIPPED,SOUTH
ORD0021,CUST0006,2024-09-11 15:50:10,DELIVERED,SOUTH
ORD0022,CUST0009,2026-02-15 12:31:20,SHIPPED,SOUTH
ORD0023,UNKNOWN,2025-12-04 07:34:17,PLACED,EAST
ORD0024,CUST0183,2025-08-14 22:09:37,DELIVERED,NORTH
ORD0025,CUST0022,2026-06-20 02:41:27,PLACED,NORTH
ORD0026,CUST0400,2025-09-01 09:26:29,SHIPPED,SOUTH
ORD0027,CUST0271,2026-04-17 06:58:30,PLACED,EAST
ORD0028,CUST0465,2025-03-07 10:06:32,DELIVERED,SOUTH
ORD0029,CUST0389,2024-09-11 19:52:29,RETURNED,SOUTH
ORD0030,CUST0152,2024-11-04 07:32:33,CANCELLED,SOUTH
ORD0031,CUST0380,2025-08-11 01:27:38,PLACED,SOUTH
ORD0032,CUST0463,2025-08-30 05:46:07,CANCELLED,NORTH
ORD0033,CUST0290,2026-05-03 01:54:02,RETURNED,EAST
ORD0034,UNKNOWN,2025-07-05 21:45:28,SHIPPED,NORTH
ORD0035,CUST0181,2024-11-02 17:20:37,PLACED,NORTH
ORD0036,CUST0041,2025-03-13 21:47:56,PLACED,NORTH
ORD0037,CUST0280,2024-09-03 17:15:27,CANCELLED,NORTH
ORD0038,CUST0448,2025-11-03 21:41:28,SHIPPED,WEST
ORD0039,CUST0192,2026-04-25 22:38:56,SHIPPED,NORTH
ORD0040,CUST0134,2025-08-24 06:20:44,CANCELLED,EAST
ORD0041,CUST0456,2025-10-21 22:45:32,DELIVERED,WEST
ORD0042,CUST0458,2026-03-02 11:49:59,DELIVERED,NORTH
ORD0043,CUST0092,2025-03-07 07:23:56,PLACED,NORTH
ORD0044,CUST0430,2025-08-09 13:55:38,CANCELLED,EAST
ORD0045,CUST0339,2025-05-30 05:56:00,PLACED,NORTH
ORD0046,CUST0305,2025-01-20 18:20:46,CANCELLED,SOUTH
ORD0047,CUST0319,2025-02-04 07:22:58,CANCELLED,SOUTH
ORD0048,CUST0368,2025-06-01 13:48:47,RETURNED,EAST
ORD0049,UNKNOWN,2025-04-10 01:56:09,CANCELLED,NORTH
ORD0050,CUST0176,2024-11-13 17:00:53,CANCELLED,WEST
ORD0051,CUST0370,2024-09-20 10:39:49,RETURNED,WEST
ORD0052,CUST0263,2026-02-17 22:45:17,RETURNED,EAST
ORD0053,CUST0222,2025-03-29 23:13:21,RETURNED,EAST
ORD0054,CUST0235,2025-11-09 10:42:37,PLACED,SOUTH
ORD0055,CUST0403,2025-12-26 22:10:53,DELIVERED,EAST
ORD0056,CUST0294,2025-06-01 06:33:49,DELIVERED,EAST
ORD0057,CUST0414,2026-01-20 03:00:56,CANCELLED,EAST
ORD0058,UNKNOWN,2025-04-26 08:02:27,DELIVERED,WEST
ORD0059,CUST0371,2025-05-29 15:50:30,RETURNED,EAST
ORD0060,CUST0084,2025-10-04 01:52:21,CANCELLED,SOUTH
ORD0061,CUST0424,2026-03-21 14:55:09,DELIVERED,SOUTH
ORD0062,CUST0471,2025-04-06 02:01:42,SHIPPED,SOUTH
ORD0063,CUST0447,2025-12-04 10:10:18,PLACED,NORTH
ORD0064,CUST0371,2026-02-17 23:07:50,CANCELLED,NORTH
ORD0065,CUST0163,2025-08-23 13:25:19,SHIPPED,EAST
ORD0066,CUST0486,2026-07-10 14:51:10,PLACED,SOUTH
ORD0067,CUST0059,2025-02-10 23:31:32,SHIPPED,SOUTH
ORD0068,CUST0445,2025-06-21 08:56:43,DELIVERED,WEST
ORD0069,CUST0196,2026-05-15 02:11:17,DELIVERED,SOUTH
ORD0070,CUST0239,2026-02-26 05:28:24,RETURNED,EAST
ORD0071,CUST0083,2026-05-18 11:17:39,CANCELLED,WEST
ORD0072,CUST0089,2025-07-22 08:36:52,PLACED,WEST
ORD0073,CUST0176,2026-04-29 17:31:33,SHIPPED,SOUTH
ORD0074,CUST0406,2026-06-26 05:59:03,PLACED,WEST
ORD0075,CUST0306,2026-02-08 18:10:32,SHIPPED,WEST
ORD0076,CUST0002,2025-08-21 06:22:48,DELIVERED,EAST
ORD0077,CUST0082,2024-10-28 14:14:44,DELIVERED,WEST
ORD0078,CUST0379,2026-01-16 21:46:21,SHIPPED,SOUTH
ORD0079,CUST0153,2025-05-19 04:56:24,PLACED,WEST
ORD0080,CUST0066,2025-02-09 07:07:31,CANCELLED,EAST
ORD0081,CUST0027,2024-11-02 07:34:10,CANCELLED,EAST
ORD0082,CUST0296,2024-08-16 02:12:03,CANCELLED,WEST
ORD0083,CUST0131,2024-08-24 12:58:20,SHIPPED,WEST
ORD0084,UNKNOWN,2025-08-14 09:22:44,CANCELLED,SOUTH
ORD0085,CUST0350,2026-01-26 08:54:32,CANCELLED,NORTH
ORD0086,CUST0017,2026-06-21 17:47:23,DELIVERED,NORTH
ORD0087,CUST0446,2025-08-16 04:57:10,DELIVERED,EAST
ORD0088,CUST0149,2025-01-21 09:08:10,SHIPPED,NORTH
ORD0089,CUST0200,2024-11-08 23:15:47,RETURNED,NORTH
ORD0090,CUST0265,2025-01-21 20:18:43,SHIPPED,WEST
ORD0091,CUST0488,2025-01-20 18:13:11,PLACED,WEST
ORD0092,CUST0120,2025-04-30 04:19:22,SHIPPED,EAST
ORD0093,CUST0306,2025-09-26 08:41:23,CANCELLED,NORTH
ORD0094,CUST0037,2025-05-07 02:08:14,DELIVERED,NORTH
ORD0095,CUST0488,2025-03-11 10:12:36,DELIVERED,EAST
ORD0096,CUST0001,2024-08-29 04:04:33,SHIPPED,EAST
ORD0097,CUST0239,2025-08-02 08:13:17,CANCELLED,SOUTH
ORD0098,CUST0061,2025-06-11 08:34:02,PLACED,NORTH
ORD0099,CUST0014,2024-12-07 05:44:04,SHIPPED,SOUTH
ORD0100,CUST0328,2026-01-26 03:55:52,CANCELLED,NORTH
ORD0101,CUST0210,2025-02-24 14:39:41,SHIPPED,NORTH
ORD0102,CUST0013,2025-12-31 19:01:52,CANCELLED,EAST
ORD0103,CUST0149,2025-10-25 05:54:27,SHIPPED,EAST
ORD0104,CUST0345,2026-07-18 16:55:57,DELIVERED,SOUTH
ORD0105,CUST0328,2026-07-31 09:24:23,CANCELLED,NORTH
ORD0106,CUST0099,2025-08-30 16:18:28,RETURNED,EAST
ORD0107,CUST0391,2025-05-29 03:30:11,PLACED,NORTH
ORD0108,CUST0335,2025-11-26 00:00:00,DELIVERED,EAST
ORD0109,CUST0006,2026-08-03 12:56:33,SHIPPED,EAST
ORD0110,CUST0420,2025-12-02 15:47:45,CANCELLED,WEST
ORD0111,CUST0281,2025-04-09 14:00:39,DELIVERED,SOUTH
ORD0112,CUST0023,2025-11-26 19:43:15,SHIPPED,WEST
ORD0113,CUST0099,2025-10-10 20:57:18,PLACED,NORTH
ORD0114,CUST0213,2025-01-20 04:16:21,SHIPPED,WEST
ORD0115,CUST0317,2025-11-03 15:21:37,DELIVERED,SOUTH
ORD0116,CUST0064,2025-12-07 10:25:57,RETURNED,NORTH
ORD0117,CUST0335,2025-01-20 12:43:22,PLACED,EAST
ORD0118,CUST0183,2026-08-07 04:58:25,DELIVERED,NORTH
ORD0119,CUST0366,2024-11-13 03:48:47,SHIPPED,EAST
ORD0120,CUST0355,2024-08-11 00:08:44,PLACED,SOUTH
ORD0121,CUST0416,2025-12-03 18:40:12,RETURNED,NORTH
ORD0122,CUST0034,2025-01-29 23:39:36,PLACED,EAST
ORD0123,CUST0307,2025-02-19 13:00:38,DELIVERED,NORTH
ORD0124,CUST0265,2025-04-07 20:35:26,CANCELLED,SOUTH
ORD0125,CUST0170,2026-03-16 20:36:43,CANCELLED,SOUTH
ORD0126,CUST0131,2025-04-17 13:13:33,CANCELLED,NORTH
ORD0127,CUST0162,2025-11-12 17:55:49,PLACED,EAST
ORD0128,CUST0251,2026-04-18 05:44:30,CANCELLED,SOUTH
ORD0129,CUST0136,2025-07-25 17:26:45,CANCELLED,SOUTH
ORD0130,CUST0421,2025-05-27 05:15:46,RETURNED,SOUTH
ORD0131,UNKNOWN,2025-01-15 13:58:54,DELIVERED,SOUTH
ORD0132,CUST0069,2026-08-06 23:33:54,RETURNED,SOUTH
ORD0133,CUST0479,2025-10-16 15:31:13,SHIPPED,SOUTH
ORD0134,CUST0034,2025-07-06 06:51:32,CANCELLED,EAST
ORD0135,CUST0253,2024-12-25 00:42:46,DELIVERED,NORTH
ORD0136,CUST0434,2026-03-14 13:46:53,SHIPPED,SOUTH
ORD0137,CUST0123,2024-11-06 23:43:58,CANCELLED,EAST
ORD0138,CUST0460,2025-08-16 16:40:40,CANCELLED,WEST
ORD0139,CUST0485,2024-08-18 20:55:59,RETURNED,NORTH
ORD0140,CUST0316,2024-08-21 08:48:02,SHIPPED,WEST
ORD0141,CUST0461,2025-03-02 02:46:37,SHIPPED,SOUTH
ORD0142,CUST0015,2025-07-01 06:06:11,RETURNED,EAST
ORD0143,CUST0126,2026-07-01 01:59:12,SHIPPED,NORTH
ORD0144,CUST0366,2025-08-11 20:47:22,CANCELLED,EAST
ORD0145,CUST0177,2025-06-29 16:02:12,SHIPPED,WEST
ORD0146,CUST0359,2025-03-29 16:00:22,RETURNED,WEST
ORD0147,CUST0065,2024-09-30 06:49:55,PLACED,SOUTH
ORD0148,CUST0367,2025-02-03 13:00:17,RETURNED,NORTH
ORD0149,CUST0180,2024-09-25 14:37:25,SHIPPED,NORTH
ORD0150,CUST0229,2025-07-12 00:19:48,RETURNED,NORTH
ORD0151,CUST0315,2024-10-04 19:13:00,SHIPPED,NORTH
ORD0152,CUST0441,2026-04-24 22:10:12,PLACED,NORTH
ORD0153,UNKNOWN,2024-09-22 12:50:22,DELIVERED,NORTH
ORD0154,CUST0148,2026-01-08 08:58:26,DELIVERED,WEST
ORD0155,CUST0494,2026-05-27 18:27:00,SHIPPED,NORTH
ORD0156,UNKNOWN,2026-03-31 11:25:16,PLACED,NORTH
ORD0157,CUST0342,2026-03-05 22:52:18,CANCELLED,SOUTH
ORD0158,CUST0006,2024-12-17 15:35:51,DELIVERED,SOUTH
ORD0159,CUST0497,2025-11-04 20:52:46,RETURNED,WEST
ORD0160,UNKNOWN,2026-06-10 16:39:02,DELIVERED,EAST
ORD0161,CUST0075,2024-12-29 01:04:29,RETURNED,WEST
ORD0162,CUST0277,2025-02-05 06:58:10,RETURNED,WEST
ORD0163,CUST0233,2025-09-01 00:00:00,CANCELLED,WEST
ORD0164,CUST0423,2025-04-08 16:25:24,RETURNED,WEST
ORD0165,CUST0433,2025-01-10 18:33:40,DELIVERED,EAST
ORD0166,CUST0031,2025-05-16 00:00:00,SHIPPED,SOUTH
ORD0167,CUST0271,2025-04-13 10:49:27,DELIVERED,SOUTH
ORD0168,CUST0276,2026-01-31 15:30:58,PLACED,NORTH
ORD0169,CUST0418,2025-11-08 10:08:15,CANCELLED,EAST
ORD0170,CUST0047,2026-05-11 07:29:35,DELIVERED,EAST
ORD0171,CUST0340,2025-12-17 10:46:50,PLACED,EAST
ORD0172,CUST0448,2025-02-16 13:25:34,RETURNED,EAST
ORD0173,CUST0164,2024-08-09 19:28:15,CANCELLED,WEST
ORD0174,CUST0153,2024-12-27 14:32:42,CANCELLED,EAST
ORD0175,CUST0271,2025-03-11 01:36:03,RETURNED,WEST
ORD0176,CUST0439,2024-11-11 15:06:19,DELIVERED,SOUTH
ORD0177,CUST0156,2025-10-15 23:47:07,DELIVERED,WEST
ORD0178,CUST0159,2024-10-23 05:57:44,CANCELLED,WEST
ORD0179,CUST0235,2025-09-01 07:30:52,PLACED,SOUTH
ORD0180,CUST0051,2024-11-03 22:06:07,DELIVERED,EAST
ORD0181,CUST0121,2025-03-15 20:13:12,PLACED,NORTH
ORD0182,CUST0304,2025-02-19 14:53:30,DELIVERED,SOUTH
ORD0183,CUST0119,2025-05-08 16:46:48,SHIPPED,NORTH
ORD0184,CUST0194,2026-05-22 06:49:15,RETURNED,NORTH
ORD0185,CUST0013,2026-03-18 07:16:49,RETURNED,WEST
ORD0186,CUST0499,2026-02-20 10:40:58,RETURNED,WEST
ORD0187,CUST0043,2024-08-08 08:28:34,SHIPPED,NORTH
ORD0188,CUST0500,2024-10-09 20:28:30,SHIPPED,SOUTH
ORD0189,CUST0264,2025-10-19 17:13:37,PLACED,WEST
ORD0190,CUST0244,2025-07-16 19:34:41,RETURNED,EAST
ORD0191,CUST0139,2026-03-29 10:05:25,DELIVERED,NORTH
ORD0192,CUST0258,2025-01-19 00:45:29,RETURNED,WEST
ORD0193,CUST0078,2026-04-11 06:27:49,PLACED,WEST
ORD0194,CUST0240,2025-08-22 02:51:58,CANCELLED,SOUTH
ORD0195,CUST0215,2025-08-24 12:54:14,SHIPPED,WEST
ORD0196,CUST0273,2024-11-26 10:17:57,DELIVERED,EAST
ORD0197,CUST0418,2025-05-14 03:07:35,SHIPPED,NORTH
ORD0198,CUST0036,2026-05-27 05:50:50,CANCELLED,WEST
ORD0199,CUST0213,2026-04-05 13:28:25,CANCELLED,EAST
ORD0200,CUST0356,2024-12-22 05:42:16,RETURNED,WEST
ORD0201,CUST0127,2025-07-13 06:48:34,CANCELLED,WEST
ORD0202,CUST0461,2025-01-24 20:22:40,DELIVERED,SOUTH
ORD0203,CUST0200,2025-09-27 18:45:29,RETURNED,SOUTH
ORD0204,CUST0471,2026-06-11 02:36:30,SHIPPED,SOUTH
ORD0205,CUST0283,2026-06-25 01:18:39,SHIPPED,SOUTH
ORD0206,CUST0357,2024-09-09 19:53:01,CANCELLED,WEST
ORD0207,CUST0088,2024-12-14 21:37:41,PLACED,SOUTH
ORD0208,CUST0138,2025-08-23 10:05:04,CANCELLED,NORTH
ORD0209,UNKNOWN,2026-08-04 20:46:38,RETURNED,SOUTH
ORD0210,CUST0170,2025-03-17 16:53:24,RETURNED,SOUTH
ORD0211,CUST0104,2025-06-25 14:24:54,PLACED,EAST
ORD0212,CUST0166,2024-11-07 05:00:11,SHIPPED,NORTH
ORD0213,CUST0088,2024-09-26 23:37:28,RETURNED,SOUTH
ORD0214,UNKNOWN,2024-10-18 16:12:44,CANCELLED,NORTH
ORD0215,CUST0291,2025-01-01 07:16:24,CANCELLED,EAST
ORD0216,CUST0002,2025-08-08 10:31:17,SHIPPED,SOUTH
ORD0217,CUST0175,2025-10-20 12:01:07,SHIPPED,NORTH
ORD0218,CUST0438,2026-05-22 02:18:33,PLACED,NORTH
ORD0219,CUST0417,2026-03-21 06:51:28,CANCELLED,EAST
ORD0220,CUST0229,2026-03-28 14:57:49,CANCELLED,NORTH
ORD0221,CUST0386,2026-01-31 21:27:07,PLACED,WEST
ORD0222,CUST0269,2025-09-19 22:05:43,RETURNED,WEST
ORD0223,CUST0086,2025-08-11 20:55:08,DELIVERED,EAST
ORD0224,CUST0306,2025-01-04 16:48:14,CANCELLED,EAST
ORD0225,CUST0332,2025-03-12 01:28:32,CANCELLED,SOUTH
ORD0226,CUST0438,2026-02-07 06:27:35,PLACED,WEST
ORD0227,CUST0407,2025-04-29 18:54:19,RETURNED,SOUTH
ORD0228,CUST0329,2026-08-03 17:20:52,PLACED,SOUTH
ORD0229,CUST0468,2026-06-24 02:33:39,SHIPPED,EAST
ORD0230,UNKNOWN,2024-09-05 11:08:18,DELIVERED,EAST
ORD0231,CUST0355,2025-07-16 00:07:37,CANCELLED,WEST
ORD0232,CUST0442,2026-04-06 18:57:18,DELIVERED,WEST
ORD0233,UNKNOWN,2024-09-03 11:20:56,RETURNED,SOUTH
ORD0234,CUST0159,2025-03-29 09:08:45,DELIVERED,SOUTH
ORD0235,CUST0460,2025-11-06 02:37:42,PLACED,WEST
ORD0236,CUST0201,2024-11-17 00:00:00,DELIVERED,WEST
ORD0237,CUST0114,2025-12-23 00:00:00,RETURNED,WEST
ORD0238,CUST0471,2024-09-10 04:40:47,CANCELLED,SOUTH
ORD0239,CUST0413,2024-11-28 16:30:24,PLACED,NORTH
ORD0240,CUST0297,2025-06-20 16:23:56,SHIPPED,NORTH
ORD0241,UNKNOWN,2025-01-18 11:28:01,PLACED,NORTH
ORD0242,CUST0178,2024-10-18 04:41:35,DELIVERED,WEST
ORD0243,CUST0074,2025-12-25 20:39:05,RETURNED,EAST
ORD0244,UNKNOWN,2025-08-29 17:40:29,DELIVERED,SOUTH
ORD0245,CUST0008,2024-11-07 09:13:42,PLACED,EAST
ORD0246,CUST0243,2026-03-15 18:54:09,SHIPPED,EAST
ORD0247,CUST0479,2025-06-01 17:26:17,CANCELLED,WEST
ORD0248,CUST0216,2025-11-06 11:24:42,PLACED,WEST
ORD0249,CUST0441,2025-08-30 20:23:38,CANCELLED,NORTH
ORD0250,CUST0470,2026-04-01 02:43:43,CANCELLED,WEST
ORD0251,UNKNOWN,2025-05-29 05:51:40,RETURNED,WEST
ORD0252,CUST0031,2024-09-22 00:50:41,RETURNED,SOUTH
ORD0253,CUST0333,2025-11-21 07:30:04,DELIVERED,NORTH
ORD0254,CUST0442,2025-05-06 05:54:14,DELIVERED,SOUTH
ORD0255,CUST0450,2025-12-14 15:28:26,DELIVERED,NORTH
ORD0256,CUST0372,2024-08-24 03:49:54,DELIVERED,NORTH
ORD0257,CUST0277,2025-04-18 08:00:51,CANCELLED,EAST
ORD0258,CUST0140,2026-04-01 07:57:19,RETURNED,SOUTH
ORD0259,CUST0356,2026-03-09 02:10:38,DELIVERED,WEST
ORD0260,CUST0197,2025-11-28 09:44:37,SHIPPED,WEST
ORD0261,CUST0143,2025-08-16 00:02:40,CANCELLED,SOUTH
ORD0262,CUST0193,2026-06-01 13:49:53,DELIVERED,NORTH
ORD0263,CUST0278,2025-01-22 08:41:10,RETURNED,NORTH
ORD0264,CUST0493,2025-12-17 10:54:27,CANCELLED,EAST
ORD0265,CUST0024,2025-12-17 08:51:25,CANCELLED,NORTH
ORD0266,CUST0178,2024-09-01 09:30:55,PLACED,WEST
ORD0267,CUST0070,2025-02-14 16:49:46,CANCELLED,EAST
ORD0268,CUST0018,2025-04-10 05:48:30,RETURNED,EAST
ORD0269,CUST0173,2026-05-04 01:52:14,SHIPPED,WEST
ORD0270,CUST0049,2026-07-05 06:21:04,PLACED,SOUTH
ORD0271,CUST0011,2026-06-26 06:49:25,RETURNED,NORTH
ORD0272,CUST0102,2026-04-23 05:34:39,RETURNED,EAST
ORD0273,CUST0424,2025-11-20 19:07:47,RETURNED,EAST
ORD0274,CUST0088,2025-10-14 12:37:31,DELIVERED,WEST
ORD0275,CUST0305,2026-07-25 06:55:27,DELIVERED,NORTH
ORD0276,CUST0006,2024-08-23 01:04:48,CANCELLED,WEST
ORD0277,CUST0219,2025-06-09 06:49:21,DELIVERED,NORTH
ORD0278,CUST0062,2025-04-09 06:28:58,PLACED,WEST
ORD0279,CUST0213,2026-05-07 17:46:25,DELIVERED,EAST
ORD0280,CUST0114,2025-05-07 01:28:34,SHIPPED,EAST
ORD0281,CUST0082,2025-03-09 02:37:41,PLACED,SOUTH
ORD0282,CUST0197,2025-08-08 21:15:58,CANCELLED,WEST
ORD0283,CUST0018,2025-12-23 23:10:48,RETURNED,WEST
ORD0284,CUST0469,2025-10-12 04:35:25,PLACED,EAST
ORD0285,CUST0401,2025-03-03 05:09:01,PLACED,WEST
ORD0286,CUST0112,2025-01-01 17:38:58,PLACED,WEST
ORD0287,CUST0230,2024-11-17 11:36:12,CANCELLED,EAST
ORD0288,CUST0248,2024-10-10 16:33:13,DELIVERED,WEST
ORD0289,CUST0136,2026-02-02 12:09:13,CANCELLED,NORTH
ORD0290,CUST0247,2025-03-13 07:02:24,SHIPPED,WEST
ORD0291,CUST0453,2026-06-18 17:21:40,SHIPPED,EAST
ORD0292,CUST0295,2024-09-05 17:28:40,CANCELLED,SOUTH
ORD0293,CUST0416,2025-03-27 21:14:07,RETURNED,NORTH
ORD0294,CUST0313,2026-01-24 05:26:00,PLACED,SOUTH
ORD0295,CUST0245,2024-12-21 21:37:08,SHIPPED,SOUTH
ORD0296,CUST0435,2024-10-02 07:08:22,DELIVERED,EAST
ORD0297,CUST0012,2025-05-26 20:54:41,DELIVERED,WEST
ORD0298,CUST0441,2026-03-25 06:38:54,DELIVERED,EAST
ORD0299,UNKNOWN,2026-05-20 17:36:47,CANCELLED,WEST
ORD0300,CUST0213,2025-10-29 21:35:54,RETURNED,SOUTH
ORD0301,CUST0271,2025-04-25 19:30:12,SHIPPED,WEST
ORD0302,CUST0122,2026-06-08 21:44:25,PLACED,EAST
ORD0303,CUST0413,2026-02-16 22:26:08,CANCELLED,EAST
ORD0304,CUST0178,2026-01-23 07:54:55,CANCELLED,WEST
ORD0305,CUST0012,2025-02-17 17:03:07,RETURNED,EAST
ORD0306,CUST0149,2024-11-18 12:00:21,PLACED,EAST
ORD0307,CUST0026,2024-12-08 06:18:59,DELIVERED,EAST
ORD0308,CUST0162,2025-10-11 18:06:13,PLACED,NORTH
ORD0309,CUST0294,2024-09-06 23:27:10,DELIVERED,EAST
ORD0310,CUST0006,2024-12-22 13:52:18,DELIVERED,SOUTH
ORD0311,CUST0405,2025-03-05 20:48:15,CANCELLED,WEST
ORD0312,CUST0472,2026-01-06 06:00:11,DELIVERED,NORTH
ORD0313,CUST0078,2025-09-22 19:59:38,SHIPPED,EAST
ORD0314,CUST0374,2024-10-26 02:45:16,SHIPPED,EAST
ORD0315,CUST0183,2025-02-12 00:47:04,RETURNED,NORTH
ORD0316,CUST0114,2024-08-28 12:48:05,SHIPPED,EAST
ORD0317,CUST0015,2026-05-07 08:02:35,DELIVERED,SOUTH
ORD0318,CUST0131,2025-10-08 04:06:09,DELIVERED,SOUTH
ORD0319,CUST0371,2025-05-02 07:11:23,DELIVERED,NORTH
ORD0320,CUST0234,2025-04-18 00:30:11,DELIVERED,WEST
ORD0321,CUST0238,2024-09-05 00:00:00,RETURNED,SOUTH
ORD0322,CUST0232,2025-05-08 18:47:28,DELIVERED,SOUTH
ORD0323,CUST0402,2025-02-20 13:11:29,CANCELLED,SOUTH
ORD0324,CUST0490,2024-12-30 23:18:16,SHIPPED,SOUTH
ORD0325,CUST0296,2025-06-17 23:40:53,PLACED,EAST
ORD0326,CUST0302,2026-01-06 07:23:01,PLACED,NORTH
ORD0327,UNKNOWN,2026-07-20 18:02:11,PLACED,NORTH
ORD0328,CUST0018,2025-03-10 00:41:04,RETURNED,WEST
ORD0329,CUST0192,2024-08-08 22:09:49,RETURNED,EAST
ORD0330,CUST0109,2025-01-14 06:22:52,RETURNED,WEST
ORD0331,CUST0254,2026-02-15 02:07:11,DELIVERED,SOUTH
ORD0332,CUST0195,2025-12-07 04:03:46,CANCELLED,EAST
ORD0333,UNKNOWN,2026-03-31 09:43:48,CANCELLED,SOUTH
ORD0334,CUST0292,2024-12-29 18:17:52,DELIVERED,WEST
ORD0335,CUST0325,2024-12-09 22:55:28,RETURNED,WEST
ORD0336,CUST0278,2025-09-19 10:46:50,RETURNED,EAST
ORD0337,CUST0445,2025-05-04 07:47:07,RETURNED,NORTH
ORD0338,CUST0246,2026-08-07 11:17:46,SHIPPED,NORTH
ORD0339,CUST0166,2025-04-26 05:10:38,SHIPPED,SOUTH
ORD0340,CUST0382,2024-09-08 04:28:56,RETURNED,NORTH
ORD0341,CUST0419,2025-09-17 04:53:37,DELIVERED,EAST
ORD0342,CUST0390,2024-10-12 11:30:18,DELIVERED,SOUTH
ORD0343,CUST0335,2026-03-04 16:20:17,CANCELLED,NORTH
ORD0344,CUST0067,2026-08-04 21:05:37,SHIPPED,EAST
ORD0345,CUST0220,2025-10-27 06:19:24,DELIVERED,NORTH
ORD0346,UNKNOWN,2025-02-27 02:12:25,SHIPPED,SOUTH
ORD0347,CUST0477,2026-04-02 01:01:08,RETURNED,EAST
ORD0348,CUST0249,2025-04-25 11:41:55,PLACED,SOUTH
ORD0349,CUST0080,2025-11-07 06:55:06,SHIPPED,WEST
ORD0350,CUST0140,2025-06-22 00:00:00,PLACED,SOUTH
ORD0351,CUST0144,2026-03-19 00:43:38,DELIVERED,WEST
ORD0352,CUST0141,2026-01-24 08:19:52,PLACED,EAST
ORD0353,CUST0120,2025-07-07 01:35:42,CANCELLED,NORTH
ORD0354,CUST0088,2025-08-07 22:45:57,PLACED,EAST
ORD0355,CUST0484,2026-07-23 11:30:45,CANCELLED,WEST
ORD0356,CUST0204,2025-01-08 16:13:20,PLACED,SOUTH
ORD0357,CUST0021,2024-12-25 04:47:32,PLACED,EAST
ORD0358,CUST0289,2025-04-25 22:22:39,DELIVERED,NORTH
ORD0359,CUST0407,2025-03-31 16:37:13,RETURNED,EAST
ORD0360,CUST0478,2025-02-01 01:36:05,CANCELLED,SOUTH
ORD0361,CUST0199,2025-03-24 06:05:30,CANCELLED,SOUTH
ORD0362,CUST0126,2025-03-02 17:56:35,CANCELLED,SOUTH
ORD0363,CUST0491,2025-08-19 06:09:11,DELIVERED,WEST
ORD0364,CUST0093,2026-07-03 15:55:00,DELIVERED,EAST
ORD0365,CUST0014,2025-03-30 15:02:49,RETURNED,EAST
ORD0366,CUST0216,2024-12-16 14:13:16,RETURNED,NORTH
ORD0367,CUST0469,2026-06-07 05:37:25,CANCELLED,EAST
ORD0368,UNKNOWN,2025-09-23 06:45:21,DELIVERED,WEST
ORD0369,CUST0166,2025-10-10 09:47:27,SHIPPED,WEST
ORD0370,CUST0301,2026-05-26 05:40:33,RETURNED,NORTH
ORD0371,CUST0492,2025-02-24 14:56:18,PLACED,WEST
ORD0372,CUST0309,2024-11-09 06:22:03,RETURNED,EAST
ORD0373,CUST0089,2026-05-03 17:42:58,SHIPPED,SOUTH
ORD0374,CUST0124,2025-06-22 08:20:34,RETURNED,NORTH
ORD0375,CUST0265,2026-07-01 22:45:40,RETURNED,WEST
ORD0376,CUST0165,2024-11-27 21:18:25,DELIVERED,NORTH
ORD0377,CUST0327,2025-02-16 11:57:54,PLACED,EAST
ORD0378,CUST0005,2025-09-01 23:36:50,CANCELLED,SOUTH
ORD0379,CUST0405,2025-02-10 00:22:04,DELIVERED,NORTH
ORD0380,CUST0281,2024-11-29 06:21:42,PLACED,EAST
ORD0381,CUST0374,2026-01-01 13:53:38,DELIVERED,WEST
ORD0382,CUST0469,2026-06-22 02:30:32,SHIPPED,EAST
ORD0383,CUST0217,2024-09-28 08:29:39,PLACED,EAST
ORD0384,CUST0151,2026-02-05 15:38:20,DELIVERED,WEST
ORD0385,CUST0138,2026-04-15 22:59:50,PLACED,SOUTH
ORD0386,CUST0470,2024-11-07 00:55:35,CANCELLED,NORTH
ORD0387,CUST0204,2025-06-21 17:51:30,SHIPPED,EAST
ORD0388,CUST0250,2026-05-22 20:35:33,RETURNED,SOUTH
ORD0389,CUST0148,2025-11-26 02:18:24,CANCELLED,WEST
ORD0390,CUST0439,2026-06-28 21:37:16,RETURNED,EAST
ORD0391,CUST0434,2024-08-22 11:13:06,DELIVERED,SOUTH
ORD0392,CUST0203,2026-07-23 04:16:18,SHIPPED,WEST
ORD0393,CUST0399,2025-02-14 02:55:50,PLACED,EAST
ORD0394,CUST0174,2024-10-24 19:28:28,SHIPPED,SOUTH
ORD0395,CUST0429,2025-08-01 10:28:51,RETURNED,SOUTH
ORD0396,CUST0411,2024-12-05 18:44:11,SHIPPED,EAST
ORD0397,CUST0355,2025-09-13 13:17:40,DELIVERED,EAST
ORD0398,CUST0404,2024-11-26 08:29:42,RETURNED,EAST
ORD0399,CUST0029,2026-01-27 07:43:00,DELIVERED,NORTH
ORD0400,CUST0098,2025-09-04 01:38:55,RETURNED,SOUTH
ORD0401,CUST0426,2026-07-13 15:58:21,RETURNED,SOUTH
ORD0402,UNKNOWN,2026-05-25 20:18:23,CANCELLED,WEST
ORD0403,CUST0327,2025-09-15 17:10:22,DELIVERED,NORTH
ORD0404,CUST0481,2024-09-01 19:30:46,CANCELLED,WEST
ORD0405,CUST0018,2024-10-30 18:31:19,CANCELLED,NORTH
ORD0406,CUST0046,2026-02-25 04:00:14,PLACED,EAST
ORD0407,CUST0335,2025-05-12 14:54:01,RETURNED,EAST
ORD0408,CUST0433,2025-08-30 18:44:52,CANCELLED,EAST
ORD0409,CUST0107,2025-01-24 13:48:46,SHIPPED,EAST
ORD0410,CUST0449,2024-12-22 15:20:57,SHIPPED,EAST
ORD0411,CUST0043,2026-03-11 15:52:55,SHIPPED,SOUTH
ORD0412,CUST0250,2024-10-08 02:40:59,SHIPPED,WEST
ORD0413,CUST0291,2024-09-24 01:59:13,RETURNED,SOUTH
ORD0414,CUST0038,2025-05-25 11:14:24,DELIVERED,NORTH
ORD0415,CUST0149,2025-09-20 19:27:39,SHIPPED,EAST
ORD0416,CUST0404,2025-12-03 10:52:40,SHIPPED,EAST
ORD0417,CUST0283,2025-10-23 14:05:25,DELIVERED,WEST
ORD0418,CUST0227,2025-02-06 11:28:23,RETURNED,WEST
ORD0419,CUST0146,2025-04-04 21:12:39,SHIPPED,NORTH
ORD0420,CUST0309,2024-12-27 08:07:35,RETURNED,SOUTH
ORD0421,CUST0231,2024-10-16 09:14:13,PLACED,EAST
ORD0422,CUST0130,2025-12-21 03:59:43,PLACED,SOUTH
ORD0423,CUST0388,2025-06-02 09:56:18,PLACED,SOUTH
ORD0424,CUST0261,2025-10-11 07:53:17,DELIVERED,WEST
ORD0425,CUST0214,2025-11-15 17:49:42,RETURNED,SOUTH
ORD0426,CUST0044,2026-01-14 06:39:42,SHIPPED,SOUTH
ORD0427,CUST0112,2026-03-24 07:09:01,CANCELLED,SOUTH
ORD0428,CUST0320,2025-06-02 08:10:22,PLACED,EAST
ORD0429,CUST0432,2025-01-26 04:29:20,DELIVERED,WEST
ORD0430,CUST0122,2025-11-26 13:31:35,RETURNED,SOUTH
ORD0431,CUST0145,2026-03-12 19:52:11,SHIPPED,WEST
ORD0432,CUST0263,2024-12-26 19:57:03,RETURNED,SOUTH
ORD0433,CUST0012,2025-02-19 14:41:47,SHIPPED,SOUTH
ORD0434,CUST0452,2025-11-28 19:12:54,RETURNED,SOUTH
ORD0435,CUST0006,2024-11-21 00:19:39,SHIPPED,WEST
ORD0436,CUST0205,2026-05-06 10:43:00,RETURNED,EAST
ORD0437,CUST0290,2025-02-20 03:23:33,PLACED,EAST
ORD0438,CUST0025,2026-04-10 12:36:31,SHIPPED,NORTH
ORD0439,CUST0466,2025-05-10 09:25:26,PLACED,SOUTH
ORD0440,CUST0001,2025-12-16 04:29:22,DELIVERED,NORTH
ORD0441,CUST0384,2024-12-16 09:08:51,DELIVERED,SOUTH
ORD0442,CUST0016,2026-03-04 17:07:07,PLACED,WEST
ORD0443,CUST0227,2026-05-24 08:37:19,SHIPPED,WEST
ORD0444,CUST0130,2024-12-25 02:50:54,DELIVERED,NORTH
ORD0445,CUST0094,2025-10-23 08:16:10,PLACED,WEST
ORD0446,CUST0208,2025-11-28 19:21:45,DELIVERED,WEST
ORD0447,CUST0139,2024-11-20 18:02:44,CANCELLED,EAST
ORD0448,CUST0174,2025-04-07 20:39:16,SHIPPED,SOUTH
ORD0449,CUST0475,2025-09-23 09:55:57,PLACED,WEST
ORD0450,CUST0373,2025-07-26 13:57:00,CANCELLED,NORTH
ORD0451,CUST0447,2024-09-13 14:25:16,DELIVERED,SOUTH
ORD0452,CUST0034,2024-12-31 17:20:31,RETURNED,EAST
ORD0453,CUST0175,2025-11-24 01:21:09,SHIPPED,NORTH
ORD0454,CUST0208,2026-03-21 20:59:19,SHIPPED,EAST
ORD0455,CUST0153,2024-09-23 11:02:02,RETURNED,NORTH
ORD0456,CUST0170,2025-06-06 16:15:41,RETURNED,EAST
ORD0457,CUST0265,2025-08-15 21:41:43,CANCELLED,WEST
ORD0458,CUST0137,2026-07-13 21:55:12,PLACED,WEST
ORD0459,CUST0244,2024-08-15 23:02:44,SHIPPED,WEST
ORD0460,CUST0385,2025-05-29 08:53:22,PLACED,SOUTH
ORD0461,CUST0345,2025-03-14 18:36:57,SHIPPED,EAST
ORD0462,CUST0322,2025-06-16 20:14:50,SHIPPED,NORTH
ORD0463,CUST0245,2026-07-24 07:03:20,DELIVERED,NORTH
ORD0464,CUST0318,2026-06-30 15:31:48,PLACED,WEST
ORD0465,CUST0147,2025-08-12 12:56:59,RETURNED,NORTH
ORD0466,CUST0248,2025-08-09 20:07:33,CANCELLED,SOUTH
ORD0467,CUST0196,2025-12-25 20:09:01,CANCELLED,WEST
ORD0468,CUST0188,2025-04-23 15:16:31,SHIPPED,SOUTH
ORD0469,CUST0213,2025-09-12 23:45:18,PLACED,WEST
ORD0470,UNKNOWN,2026-01-07 21:46:14,DELIVERED,EAST
ORD0471,CUST0465,2025-10-29 16:21:27,RETURNED,SOUTH
ORD0472,CUST0405,2024-11-08 22:02:53,PLACED,EAST
ORD0473,CUST0352,2025-05-28 10:37:10,DELIVERED,EAST
ORD0474,UNKNOWN,2025-02-28 16:16:30,SHIPPED,WEST
ORD0475,CUST0104,2026-02-24 11:26:15,SHIPPED,NORTH
ORD0476,UNKNOWN,2024-10-27 16:24:08,CANCELLED,WEST
ORD0477,CUST0394,2025-05-20 16:56:49,RETURNED,NORTH
ORD0478,CUST0021,2026-04-28 22:19:46,CANCELLED,EAST
ORD0479,CUST0178,2026-05-17 18:11:07,CANCELLED,NORTH
ORD0480,CUST0170,2025-09-22 06:39:08,RETURNED,NORTH
ORD0481,CUST0390,2026-03-07 21:23:31,PLACED,WEST
ORD0482,CUST0168,2024-11-21 10:59:14,CANCELLED,NORTH
ORD0483,CUST0082,2024-10-31 20:05:22,DELIVERED,WEST
ORD0484,CUST0470,2025-09-29 12:46:19,SHIPPED,NORTH
ORD0485,CUST0096,2025-06-20 11:19:18,SHIPPED,SOUTH
ORD0486,CUST0381,2025-11-17 03:15:23,CANCELLED,NORTH
ORD0487,CUST0354,2024-10-30 10:35:05,PLACED,WEST
ORD0488,CUST0190,2024-11-09 04:47:45,SHIPPED,WEST
ORD0489,CUST0390,2025-11-23 12:48:57,SHIPPED,WEST
ORD0490,CUST0008,2026-03-06 06:26:00,DELIVERED,SOUTH
ORD0491,CUST0028,2025-08-06 04:26:53,SHIPPED,SOUTH
ORD0492,CUST0334,2025-03-04 20:00:47,CANCELLED,NORTH
ORD0493,CUST0112,2026-07-19 10:11:44,DELIVERED,WEST
ORD0494,CUST0235,2025-10-13 05:39:07,PLACED,SOUTH
ORD0495,CUST0416,2024-11-19 09:30:29,RETURNED,NORTH
ORD0496,CUST0352,2025-12-06 13:24:39,RETURNED,NORTH
ORD0497,CUST0395,2025-03-20 20:50:11,PLACED,NORTH
ORD0498,CUST0041,2025-03-25 23:09:36,SHIPPED,SOUTH
ORD0499,CUST0392,2026-01-28 10:05:04,DELIVERED,WEST
ORD0500,CUST0224,2025-08-11 14:40:29,RETURNED,EAST
